country;iso3;region;date;gdp_pc;rol_index;pop
Zimbabwe;ZWE;Africa;2013-01-01;3614.7148;0.354806703;13555422
Zambia;ZMB;Africa;2013-01-01;3573.285006;0.456011899;15234976
Viet Nam;VNM;Asia;2013-01-01;8352.358484;0.485128956;90267739
Uzbekistan;UZB;Asia;2013-01-01;6049.217729;0.427873166;30243200
Uruguay;URY;Americas;2013-01-01;27911.78451;0.683712815;3381180
United States;USA;Americas;2013-01-01;62112.58345;0.734024886;316059947
United Kingdom;GBR;Europe;2013-01-01;49839.22637;0.78250265;64128273
United Arab Emirates;ARE;Asia;2013-01-01;61361.57047;0.639379483;8751847
Ukraine;UKR;Europe;2013-01-01;18139.64063;0.456026182;45489648
Uganda;UGA;Africa;2013-01-01;2425.244278;0.419189999;35273570
Turkiye;TUR;Asia;2013-01-01;23983.13828;0.516318903;76147624
Tunisia;TUN;Africa;2013-01-01;12300.82724;0.566545083;11300284
Thailand;THA;Asia;2013-01-01;18311.64968;0.533454014;69578602
Tanzania;TZA;Africa;2013-01-01;2899.357178;0.488582256;49253643
Sweden;SWE;Europe;2013-01-01;56707.36184;0.889899124;9600379
Sri Lanka;LKA;Asia;2013-01-01;11932.77718;0.545959791;21131756
Spain;ESP;Europe;2013-01-01;40277.55902;0.728130814;46620045
South Africa;ZAF;Africa;2013-01-01;14894.69964;0.564714785;53873616
Slovenia;SVN;Europe;2013-01-01;37376.23164;0.655989696;2059953
Singapore;SGP;Asia;2013-01-01;103908.3585;0.803118099;5399162
Sierra Leone;SLE;Africa;2013-01-01;1925.775131;0.45930228;6964859
Senegal;SEN;Africa;2013-01-01;3414.132476;0.544797473;13595566
Russian Federation;RUS;Europe;2013-01-01;36628.92188;0.42590583;143805638
Romania;ROU;Europe;2013-01-01;27108.55034;0.605456466;19983693
Portugal;PRT;Europe;2013-01-01;34639.62588;0.664169012;10457295
Poland;POL;Europe;2013-01-01;29515.96975;0.71562147;38040196
Philippines;PHL;Asia;2013-01-01;7183.768999;0.494994869;99700107
Peru;PER;Americas;2013-01-01;13951.28775;0.514714834;30038809
Panama;PAN;Americas;2013-01-01;27978.60176;0.522490942;3821556
Pakistan;PAK;Asia;2013-01-01;4530.267391;0.365102048;205337562
Norway;NOR;Europe;2013-01-01;84283.03499;0.869384562;5079623
North Macedonia;MKD;Europe;2013-01-01;17940.51114;0.588097709;1922716
Nigeria;NGA;Africa;2013-01-01;5984.894342;0.399569575;174726123
Nicaragua;NIC;Americas;2013-01-01;6298.198036;0.456132813;6119379
New Zealand;NZL;Oceania;2013-01-01;43549.45732;0.842272068;4442100
Netherlands;NLD;Europe;2013-01-01;60969.85361;0.85230967;16804432
Nepal;NPL;Asia;2013-01-01;3452.642496;0.496230251;27381555
Morocco;MAR;Africa;2013-01-01;7832.581543;0.496049201;33803527
Mongolia;MNG;Asia;2013-01-01;13460.15819;0.520580413;2845153
Moldova;MDA;Europe;2013-01-01;11080.06346;0.463925789;2859558
Mexico;MEX;Americas;2013-01-01;21281.95251;0.468757675;117290686
Malaysia;MYS;Asia;2013-01-01;25777.75169;0.600059558;30134807
Malawi;MWI;Africa;2013-01-01;1625.986341;0.501337388;16024775
Madagascar;MDG;Africa;2013-01-01;1651.940502;0.520846202;23588073
Liberia;LBR;Africa;2013-01-01;1791.725848;0.407743383;4427313
Lebanon;LBN;Asia;2013-01-01;16582.97264;0.513887981;5678851
Kyrgyz Republic;KGZ;Asia;2013-01-01;5473.061393;0.453827119;5719600
Kenya;KEN;Africa;2013-01-01;4462.65784;0.446341344;44792368
Kazakhstan;KAZ;Asia;2013-01-01;31100.32315;0.462788557;17035551
Jordan;JOR;Asia;2013-01-01;11216.17422;0.571954736;7694814
Japan;JPN;Asia;2013-01-01;42725.55021;0.805957394;127445000
Jamaica;JAM;Americas;2013-01-01;9724.491466;0.522238357;2773129
Italy;ITA;Europe;2013-01-01;47213.0742;0.632350915;60233948
Indonesia;IDN;Asia;2013-01-01;10224.78229;0.524597089;253275918
India;IND;Asia;2013-01-01;5753.097161;0.456212295;1291132063
Hungary;HUN;Europe;2013-01-01;29145.29049;0.650214739;9893082
Guatemala;GTM;Americas;2013-01-01;10488.3309;0.458947744;15043981
Greece;GRC;Europe;2013-01-01;30990.17743;0.60264368;10965211
Ghana;GHA;Africa;2013-01-01;5565.445022;0.587381062;27525597
Germany;DEU;Europe;2013-01-01;57947.49632;0.791050663;80645605
Georgia;GEO;Asia;2013-01-01;13913.00182;0.633267549;3717668
France;FRA;Europe;2013-01-01;51286.28895;0.763879849;66002289
Finland;FIN;Europe;2013-01-01;53882.5125;0.869390985;5438972
Ethiopia;ETH;Africa;2013-01-01;1720.537352;0.421215785;97084366
Estonia;EST;Europe;2013-01-01;34339.25763;0.759282321;1317997
El Salvador;SLV;Americas;2013-01-01;9256.988225;0.467679626;6185642
Ecuador;ECU;Americas;2013-01-01;13745.47157;0.462306086;15722989
Dominican Republic;DOM;Americas;2013-01-01;15955.13331;0.514158679;10157051
Denmark;DNK;Europe;2013-01-01;61175.76669;0.878856623;5614932
Czechia;CZE;Europe;2013-01-01;40001.14495;0.668764179;10514272
Croatia;HRV;Europe;2013-01-01;28135.79277;0.581248208;4255689
Cote d'Ivoire;CIV;Africa;2013-01-01;4898.050391;0.454536786;22469268
Colombia;COL;Americas;2013-01-01;16172.13995;0.494498641;46237930
China;CHN;Asia;2013-01-01;12830.36997;0.477886469;1363240000
Chile;CHL;Americas;2013-01-01;27577.09648;0.688532124;17509925
Canada;CAN;Americas;2013-01-01;53884.84559;0.793035711;35080992
Cameroon;CMR;Africa;2013-01-01;4424.100615;0.345023352;21632850
Cambodia;KHM;Asia;2013-01-01;3427.860061;0.405950144;14999683
Burkina Faso;BFA;Africa;2013-01-01;2058.315665;0.52852203;17636408
Bulgaria;BGR;Europe;2013-01-01;22807.66516;0.546926048;7265115
Brazil;BRA;Americas;2013-01-01;18932.12336;0.576791802;201721767
Botswana;BWA;Africa;2013-01-01;15804.33095;0.700000599;2217278
Bosnia and Herzegovina;BIH;Europe;2013-01-01;13292.25829;0.572894787;3617559
Bolivia;BOL;Americas;2013-01-01;8475.83876;0.403886619;10743349
Belgium;BEL;Europe;2013-01-01;57380.95359;0.746498042;11159407
Belarus;BLR;Europe;2013-01-01;26128.32196;0.526133685;9443211
Bangladesh;BGD;Asia;2013-01-01;4901.064588;0.395318215;154030139
Austria;AUT;Europe;2013-01-01;62455.39898;0.805551834;8479823
Australia;AUS;Oceania;2013-01-01;54022.46688;0.825011485;23128129
Argentina;ARG;Americas;2013-01-01;29497.85259;0.505377347;42202935
Albania;ALB;Europe;2013-01-01;12657.93173;0.489780982;2895092
Zimbabwe;ZWE;Africa;2014-01-01;3588.862715;0.344553321;13855753
Zambia;ZMB;Africa;2014-01-01;3621.466084;0.469740397;15737793
Viet Nam;VNM;Asia;2014-01-01;8794.481175;0.477248225;91235504
Uzbekistan;UZB;Asia;2014-01-01;6356.887253;0.454724351;30757700
Uruguay;URY;Americas;2014-01-01;28726.73316;0.691963818;3391662
United States;USA;Americas;2014-01-01;63214.89535;0.709408791;318386329
United Kingdom;GBR;Europe;2014-01-01;51054.59299;0.779239044;64602298
United Arab Emirates;ARE;Asia;2014-01-01;63309.31096;0.654440619;8835951
Ukraine;UKR;Europe;2014-01-01;17255.28906;0.471703361;45272155
Uganda;UGA;Africa;2014-01-01;2474.515191;0.405169073;36336539
Turkiye;TUR;Asia;2014-01-01;24830.58056;0.502949611;77181884
Tunisia;TUN;Africa;2014-01-01;12538.20431;0.545710742;11428948
Thailand;THA;Asia;2014-01-01;18390.86264;0.520236408;69960943
Tanzania;TZA;Africa;2014-01-01;2999.980957;0.471604901;50814552
Sweden;SWE;Europe;2014-01-01;57639.76924;0.852936726;9696110
Sri Lanka;LKA;Asia;2014-01-01;12629.47925;0.519227363;21239457
Spain;ESP;Europe;2014-01-01;40962.01679;0.669633533;46480882
South Africa;ZAF;Africa;2014-01-01;14869.0479;0.552989852;54729551
Slovenia;SVN;Europe;2014-01-01;38373.10584;0.649887284;2061980
Singapore;SGP;Asia;2014-01-01;106604.4928;0.788090584;5469724
Sierra Leone;SLE;Africa;2014-01-01;1963.994734;0.438338592;7140688
Senegal;SEN;Africa;2014-01-01;3529.349245;0.542346169;13970308
Russian Federation;RUS;Europe;2014-01-01;36217.96484;0.447198587;144237223
Romania;ROU;Europe;2014-01-01;28331.53005;0.593463584;19908979
Portugal;PRT;Europe;2014-01-01;35102.79924;0.66266998;10401062
Poland;POL;Europe;2014-01-01;30671.43308;0.674858839;38011735
Philippines;PHL;Asia;2014-01-01;7517.263696;0.500895119;101325201
Peru;PER;Americas;2014-01-01;14135.33331;0.488924997;30353951
Panama;PAN;Americas;2014-01-01;28887.85879;0.504967978;3888793
Pakistan;PAK;Asia;2014-01-01;4650.751053;0.355014967;208251628
Norway;NOR;Europe;2014-01-01;85044.75358;0.875027579;5137232
North Macedonia;MKD;Europe;2014-01-01;18641.61332;0.576083718;1917557
Nigeria;NGA;Africa;2014-01-01;6197.487502;0.391197546;179379016
Nicaragua;NIC;Americas;2014-01-01;6504.700362;0.434736999;6208676
New Zealand;NZL;Oceania;2014-01-01;44440.12276;0.827276462;4516500
Netherlands;NLD;Europe;2014-01-01;61615.58609;0.827335344;16865008
Nepal;NPL;Asia;2014-01-01;3649.461529;0.503455953;27462106
Morocco;MAR;Africa;2014-01-01;7938.917969;0.507691788;34248603
Mongolia;MNG;Asia;2014-01-01;14233.02486;0.509164625;2902823
Moldova;MDA;Europe;2014-01-01;11641.12084;0.454397502;2857815
Mexico;MEX;Americas;2014-01-01;21545.65292;0.448807642;118755887
Malaysia;MYS;Asia;2014-01-01;26905.04782;0.575497907;30606459
Malawi;MWI;Africa;2014-01-01;1670.217628;0.505820517;16477966
Madagascar;MDG;Africa;2014-01-01;1662.838208;0.445787724;24215976
Liberia;LBR;Africa;2014-01-01;1767.529517;0.423515397;4519398
Lebanon;LBN;Asia;2014-01-01;15381.93576;0.512461616;6274342
Kyrgyz Republic;KGZ;Asia;2014-01-01;5580.223769;0.450215918;5835500
Kenya;KEN;Africa;2014-01-01;4580.391229;0.429867831;45831863
Kazakhstan;KAZ;Asia;2014-01-01;31932.79201;0.466598514;17288285
Jordan;JOR;Asia;2014-01-01;10305.70358;0.568353434;8658026
Japan;JPN;Asia;2014-01-01;42909.00566;0.779248872;127276000
Jamaica;JAM;Americas;2014-01-01;9751.436968;0.53192272;2784543
Italy;ITA;Europe;2014-01-01;46779.74606;0.630784204;60789140
Indonesia;IDN;Asia;2014-01-01;10612.92942;0.523256182;256229761
India;IND;Asia;2014-01-01;6103.241023;0.477111471;1307246509
Hungary;HUN;Europe;2014-01-01;30460.72464;0.608457895;9866468
Guatemala;GTM;Americas;2014-01-01;10766.68196;0.438376035;15306316
Greece;GRC;Europe;2014-01-01;31345.70045;0.594402924;10892413
Ghana;GHA;Africa;2014-01-01;5588.230006;0.569851382;28196358
Germany;DEU;Europe;2014-01-01;58981.47777;0.795177678;80982500
Georgia;GEO;Asia;2014-01-01;14475.31354;0.603828164;3719414
France;FRA;Europe;2014-01-01;51534.80407;0.742159582;66312067
Finland;FIN;Europe;2014-01-01;53464.32581;0.837329068;5461512
Ethiopia;ETH;Africa;2014-01-01;1846.38683;0.420044893;99746766
Estonia;EST;Europe;2014-01-01;35466.22908;0.764557709;1314545
El Salvador;SLV;Americas;2014-01-01;9380.857201;0.484748877;6209526
Ecuador;ECU;Americas;2014-01-01;14115.38732;0.450321065;15957994
Dominican Republic;DOM;Americas;2014-01-01;16872.29523;0.473736703;10282115
Denmark;DNK;Europe;2014-01-01;61852.02409;0.875500769;5643475
Czechia;CZE;Europe;2014-01-01;40862.96981;0.674853237;10525347
Croatia;HRV;Europe;2014-01-01;28154.10823;0.573910478;4238389
Cote d'Ivoire;CIV;Africa;2014-01-01;5234.49068;0.455079767;22995555
Colombia;COL;Americas;2014-01-01;16740.42142;0.493344203;46677947
China;CHN;Asia;2014-01-01;13696.51749;0.452433488;1371860000
Chile;CHL;Americas;2014-01-01;27790.24753;0.679986545;17687108
Canada;CAN;Americas;2014-01-01;54880.8582;0.78404016;35434066
Cameroon;CMR;Africa;2014-01-01;4537.309045;0.385829626;22299585
Cambodia;KHM;Asia;2014-01-01;3621.718465;0.40282087;15210817
Burkina Faso;BFA;Africa;2014-01-01;2084.332701;0.506509423;18169842
Bulgaria;BGR;Europe;2014-01-01;23155.45197;0.53359322;7223938
Brazil;BRA;Americas;2014-01-01;18865.00618;0.544623593;203459650
Botswana;BWA;Africa;2014-01-01;16385.85488;0.667145156;2260376
Bosnia and Herzegovina;BIH;Europe;2014-01-01;13620.67707;0.55433119;3571068
Bolivia;BOL;Americas;2014-01-01;8796.495595;0.390048871;10916987
Belgium;BEL;Europe;2014-01-01;58028.55258;0.755191175;11209057
Belarus;BLR;Europe;2014-01-01;26564.43113;0.509562091;9448515
Bangladesh;BGD;Asia;2014-01-01;5133.756314;0.392601746;155961299
Austria;AUT;Europe;2014-01-01;62378.97189;0.824482608;8546356
Australia;AUS;Oceania;2014-01-01;54610.39381;0.801530365;23475686
Argentina;ARG;Americas;2014-01-01;28442.24819;0.503135886;42669500
Albania;ALB;Europe;2014-01-01;12909.2408;0.485257348;2889104
Zimbabwe;ZWE;Africa;2015-01-01;3584.098151;0.375023134;14154937
Zambia;ZMB;Africa;2015-01-01;3610.135921;0.466791571;16248230
Viet Nam;VNM;Asia;2015-01-01;9311.407525;0.485318326;92191398
Uzbekistan;UZB;Asia;2015-01-01;6697.922619;0.456296432;31298900
Uruguay;URY;Americas;2015-01-01;28738.70643;0.727136697;3402818
United States;USA;Americas;2015-01-01;64599.57374;0.736793512;320738994
United Kingdom;GBR;Europe;2015-01-01;51776.24899;0.80000314;65116219
United Arab Emirates;ARE;Asia;2015-01-01;66992.24015;0.65199863;8916899
Ukraine;UKR;Europe;2015-01-01;15625.72852;0.473623461;45167350
Uganda;UGA;Africa;2015-01-01;2523.657176;0.404821614;37477356
Turkiye;TUR;Asia;2015-01-01;25992.30311;0.464869118;78218479
Tunisia;TUN;Africa;2015-01-01;12518.42494;0.556764579;11557779
Thailand;THA;Asia;2015-01-01;18877.26648;0.517422618;70294397
Tanzania;TZA;Africa;2015-01-01;3080.54126;0.478650487;52542823
Sweden;SWE;Europe;2015-01-01;59593.85903;0.86613558;9799186
Sri Lanka;LKA;Asia;2015-01-01;13100.69101;0.501902417;21336697
Spain;ESP;Europe;2015-01-01;42567.36626;0.697658132;46444832
South Africa;ZAF;Africa;2015-01-01;14756.35121;0.57749623;55876504
Slovenia;SVN;Europe;2015-01-01;39191.7032;0.668346334;2063531
Singapore;SGP;Asia;2015-01-01;108483.2101;0.818390985;5535002
Sierra Leone;SLE;Africa;2015-01-01;1524.38761;0.43590133;7314773
Senegal;SEN;Africa;2015-01-01;3653.160729;0.567719971;14356181
Russian Federation;RUS;Europe;2015-01-01;35393.57031;0.474010915;144640716
Romania;ROU;Europe;2015-01-01;29364.65447;0.637895994;19815616
Portugal;PRT;Europe;2015-01-01;35880.14472;0.713604861;10358076
Poland;POL;Europe;2015-01-01;32037.19642;0.721590952;37986412
Philippines;PHL;Asia;2015-01-01;7862.096988;0.519949604;103031365
Peru;PER;Americas;2015-01-01;14424.96018;0.505902869;30711863
Panama;PAN;Americas;2015-01-01;30016.77577;0.52989702;3957099
Pakistan;PAK;Asia;2015-01-01;4784.479893;0.384626366;210969298
Norway;NOR;Europe;2015-01-01;85766.6127;0.883213746;5188607
North Macedonia;MKD;Europe;2015-01-01;19412.31177;0.549494705;1912430
Nigeria;NGA;Africa;2015-01-01;6202.257189;0.422454336;183995785
Nicaragua;NIC;Americas;2015-01-01;6719.136144;0.41912195;6298598
New Zealand;NZL;Oceania;2015-01-01;45170.42133;0.837804171;4609400
Netherlands;NLD;Europe;2015-01-01;62544.91314;0.851310129;16939923
Nepal;NPL;Asia;2015-01-01;3774.195902;0.524488399;27610325
Morocco;MAR;Africa;2015-01-01;8178.865723;0.515656536;34680458
Mongolia;MNG;Asia;2015-01-01;14267.38106;0.544473178;2964749
Moldova;MDA;Europe;2015-01-01;11691.07975;0.489722976;2835978
Mexico;MEX;Americas;2015-01-01;21871.15272;0.482747629;120149897
Malaysia;MYS;Asia;2015-01-01;27854.13264;0.551548922;31068833
Malawi;MWI;Africa;2015-01-01;1670.257764;0.503285386;16938942
Madagascar;MDG;Africa;2015-01-01;1671.1073;0.449495652;24850912
Liberia;LBR;Africa;2015-01-01;1731.595115;0.443014057;4612329
Lebanon;LBN;Asia;2015-01-01;15152.15308;0.476532297;6398940
Kyrgyz Republic;KGZ;Asia;2015-01-01;5678.372339;0.475636147;5956900
Kenya;KEN;Africa;2015-01-01;4703.297665;0.444034384;46851488
Kazakhstan;KAZ;Asia;2015-01-01;31847.12683;0.497494571;17542806
Jordan;JOR;Asia;2015-01-01;9632.637337;0.568419874;9494246
Japan;JPN;Asia;2015-01-01;43624.92745;0.788816762;127141000
Jamaica;JAM;Americas;2015-01-01;9806.422982;0.569866862;2794445
Italy;ITA;Europe;2015-01-01;47189.29216;0.653004769;60730582
Indonesia;IDN;Asia;2015-01-01;11007.49113;0.514372496;259091970
India;IND;Asia;2015-01-01;6513.44398;0.514244406;1322866505
Hungary;HUN;Europe;2015-01-01;31665.22778;0.5834572;9843028
Guatemala;GTM;Americas;2015-01-01;11019.3001;0.43972385;15567419
Greece;GRC;Europe;2015-01-01;31491.03566;0.619201718;10820883
Ghana;GHA;Africa;2015-01-01;5573.402592;0.599140545;28870939
Germany;DEU;Europe;2015-01-01;59345.45562;0.826823346;81686611
Georgia;GEO;Asia;2015-01-01;14936.84341;0.659016415;3725276
France;FRA;Europe;2015-01-01;51923.38905;0.751659842;66548272
Finland;FIN;Europe;2015-01-01;53578.22055;0.866761606;5479531
Ethiopia;ETH;Africa;2015-01-01;1984.066266;0.41002884;102471895
Estonia;EST;Europe;2015-01-01;36099.75335;0.789899075;1315407
El Salvador;SLV;Americas;2015-01-01;9572.791073;0.508127755;6231066
Ecuador;ECU;Americas;2015-01-01;13924.68765;0.468652508;16195902
Dominican Republic;DOM;Americas;2015-01-01;17826.54876;0.48790932;10405832
Denmark;DNK;Europe;2015-01-01;62855.36676;0.88561;5683483
Czechia;CZE;Europe;2015-01-01;42980.24481;0.740603502;10546059
Croatia;HRV;Europe;2015-01-01;29110.70825;0.607824483;4203604
Cote d'Ivoire;CIV;Africa;2015-01-01;5468.152584;0.474084371;23596741
Colombia;COL;Americas;2015-01-01;17073.65901;0.511854351;47119728
China;CHN;Asia;2015-01-01;14575.93479;0.481116039;1379860000
Chile;CHL;Americas;2015-01-01;28097.54052;0.687055383;17870124
Canada;CAN;Americas;2015-01-01;54819.18904;0.788475361;35704498
Cameroon;CMR;Africa;2015-01-01;4645.877658;0.392054013;23012646
Cambodia;KHM;Asia;2015-01-01;3822.060511;0.354846478;15417523
Burkina Faso;BFA;Africa;2015-01-01;2102.628673;0.474441939;18718019
Bulgaria;BGR;Europe;2015-01-01;24095.42703;0.5623107;7177991
Brazil;BRA;Americas;2015-01-01;18042.80938;0.552621269;205188205
Botswana;BWA;Africa;2015-01-01;15287.95306;0.633907476;2305171
Bosnia and Herzegovina;BIH;Europe;2015-01-01;14396.82459;0.563016006;3524324
Bolivia;BOL;Americas;2015-01-01;9079.790151;0.413202956;11090085
Belgium;BEL;Europe;2015-01-01;58871.06529;0.78080916;11274196
Belarus;BLR;Europe;2015-01-01;25513.1853;0.533816613;9461076
Bangladesh;BGD;Asia;2015-01-01;5405.386482;0.417128129;157830000
Austria;AUT;Europe;2015-01-01;62309.39427;0.834883218;8642699
Australia;AUS;Oceania;2015-01-01;55015.29648;0.814890966;23815995
Argentina;ARG;Americas;2015-01-01;28905.76135;0.524826327;43131966
Albania;ALB;Europe;2015-01-01;13234.14406;0.520908802;2880703
Zimbabwe;ZWE;Africa;2016-01-01;3541.881324;0.374513459;14452704
Zambia;ZMB;Africa;2016-01-01;3629.643665;0.479693714;16767761
Viet Nam;VNM;Asia;2016-01-01;9834.585727;0.512989557;93126529
Uzbekistan;UZB;Asia;2016-01-01;6972.944196;0.455949595;31847900
Uruguay;URY;Americas;2016-01-01;29130.60968;0.727793187;3413766
United States;USA;Americas;2016-01-01;65299.99938;0.741282836;323071755
United Kingdom;GBR;Europe;2016-01-01;52372.47803;0.811355199;65611593
United Arab Emirates;ARE;Asia;2016-01-01;70109.72765;0.655866468;8994263
Ukraine;UKR;Europe;2016-01-01;16071.81152;0.49420068;45038236
Uganda;UGA;Africa;2016-01-01;2557.579841;0.390973946;38748299
Turkiye;TUR;Asia;2016-01-01;26497.14082;0.436272313;79277962
Tunisia;TUN;Africa;2016-01-01;12519.77647;0.53483181;11685667
Thailand;THA;Asia;2016-01-01;19439.27262;0.517712485;70607037
Tanzania;TZA;Africa;2016-01-01;3180.108887;0.470526816;54401802
Sweden;SWE;Europe;2016-01-01;60068.31333;0.862947392;9923085
Sri Lanka;LKA;Asia;2016-01-01;13705.71168;0.513258337;21425494
Spain;ESP;Europe;2016-01-01;43823.45088;0.700306437;46484062
South Africa;ZAF;Africa;2016-01-01;14710.72882;0.588048164;56422274
Slovenia;SVN;Europe;2016-01-01;40413.05251;0.676021212;2065042
Singapore;SGP;Asia;2016-01-01;110927.693;0.818177176;5607283
Sierra Leone;SLE;Africa;2016-01-01;1582.383509;0.446050712;7493913
Senegal;SEN;Africa;2016-01-01;3781.273027;0.577618214;14751356
Russian Federation;RUS;Europe;2016-01-01;35361.54688;0.457468202;145015460
Romania;ROU;Europe;2016-01-01;30377.52809;0.664786358;19702267
Portugal;PRT;Europe;2016-01-01;36720.39428;0.716458834;10325452
Poland;POL;Europe;2016-01-01;32997.59886;0.717862974;37970087
Philippines;PHL;Asia;2016-01-01;8276.081308;0.506331952;104875266
Peru;PER;Americas;2016-01-01;14792.48899;0.517399316;31132779
Panama;PAN;Americas;2016-01-01;30961.83377;0.525893309;4026336
Pakistan;PAK;Asia;2016-01-01;5037.977153;0.387139918;213524840
Norway;NOR;Europe;2016-01-01;86004.53596;0.884119805;5234519
North Macedonia;MKD;Europe;2016-01-01;20029.27886;0.547575569;1906313
Nigeria;NGA;Africa;2016-01-01;5950.897917;0.443871392;188666931
Nicaragua;NIC;Americas;2016-01-01;6926.059277;0.424466531;6389235
New Zealand;NZL;Oceania;2016-01-01;45822.71158;0.832846926;4714100
Netherlands;NLD;Europe;2016-01-01;63576.47612;0.860228092;17030314
Nepal;NPL;Asia;2016-01-01;3756.41257;0.522663074;27861186
Morocco;MAR;Africa;2016-01-01;8119.814453;0.527880916;35107264
Mongolia;MNG;Asia;2016-01-01;14170.19025;0.541633953;3029555
Moldova;MDA;Europe;2016-01-01;12377.36668;0.496887381;2803186
Mexico;MEX;Americas;2016-01-01;22007.99675;0.462511947;121519221
Malaysia;MYS;Asia;2016-01-01;28671.30667;0.542436885;31526418
Malawi;MWI;Africa;2016-01-01;1666.111446;0.510245873;17405624
Madagascar;MDG;Africa;2016-01-01;1693.472498;0.455521698;25501941
Liberia;LBR;Africa;2016-01-01;1670.704343;0.451999836;4706097
Lebanon;LBN;Asia;2016-01-01;15732.69982;0.462415368;6258619
Kyrgyz Republic;KGZ;Asia;2016-01-01;5805.102552;0.472324408;6079500
Kenya;KEN;Africa;2016-01-01;4794.714164;0.434669759;47894670
Kazakhstan;KAZ;Asia;2016-01-01;31742.82283;0.507274481;17794055
Jordan;JOR;Asia;2016-01-01;9360.925173;0.588928482;9964656
Japan;JPN;Asia;2016-01-01;43976.2664;0.781572173;127076000
Jamaica;JAM;Americas;2016-01-01;9912.020058;0.578140967;2802695
Italy;ITA;Europe;2016-01-01;47880.94111;0.650322195;60627498
Indonesia;IDN;Asia;2016-01-01;11439.72207;0.521517102;261850182
India;IND;Asia;2016-01-01;6968.146833;0.515081072;1338636340
Hungary;HUN;Europe;2016-01-01;32457.82533;0.571555537;9814023
Guatemala;GTM;Americas;2016-01-01;11128.32128;0.443767678;15827690
Greece;GRC;Europe;2016-01-01;31468.22841;0.607262367;10775971
Ghana;GHA;Africa;2016-01-01;5628.202047;0.578576952;29554303
Germany;DEU;Europe;2016-01-01;60181.10022;0.836003721;82348669
Georgia;GEO;Asia;2016-01-01;15442.95644;0.658277089;3727505
France;FRA;Europe;2016-01-01;52353.86336;0.719856204;66724104
Finland;FIN;Europe;2016-01-01;54926.45212;0.875995449;5495303
Ethiopia;ETH;Africa;2016-01-01;2113.05461;0.393157881;105293228
Estonia;EST;Europe;2016-01-01;37228.06497;0.787618006;1315790
El Salvador;SLV;Americas;2016-01-01;9785.315202;0.496004313;6250510
Ecuador;ECU;Americas;2016-01-01;13623.90731;0.457073342;16439585
Dominican Republic;DOM;Americas;2016-01-01;18793.74626;0.471440092;10527592
Denmark;DNK;Europe;2016-01-01;64391.15522;0.889730111;5728010
Czechia;CZE;Europe;2016-01-01;43986.2199;0.752781221;10566332
Croatia;HRV;Europe;2016-01-01;30384.47639;0.609646502;4174349
Cote d'Ivoire;CIV;Africa;2016-01-01;5711.067665;0.477184609;24213622
Colombia;COL;Americas;2016-01-01;17244.78364;0.507025369;47625955
China;CHN;Asia;2016-01-01;15485.21301;0.485942223;1387790000
Chile;CHL;Americas;2016-01-01;28252.16068;0.685526786;18083879
Canada;CAN;Americas;2016-01-01;54765.30377;0.810793212;36110803
Cameroon;CMR;Africa;2016-01-01;4713.439529;0.376305355;23711630
Cambodia;KHM;Asia;2016-01-01;4032.893251;0.325574127;15624584
Burkina Faso;BFA;Africa;2016-01-01;2163.468198;0.489413026;19275498
Bulgaria;BGR;Europe;2016-01-01;24999.43415;0.552748252;7127822
Brazil;BRA;Americas;2016-01-01;17310.73628;0.558761468;206859578
Botswana;BWA;Africa;2016-01-01;16060.20462;0.579451658;2352416
Bosnia and Herzegovina;BIH;Europe;2016-01-01;15048.6571;0.56131836;3480986
Bolivia;BOL;Americas;2016-01-01;9321.591701;0.402299882;11263015
Belgium;BEL;Europe;2016-01-01;59315.70014;0.790929995;11331422
Belarus;BLR;Europe;2016-01-01;24846.95967;0.542192061;9469379
Bangladesh;BGD;Asia;2016-01-01;5719.072433;0.408066722;159784568
Austria;AUT;Europe;2016-01-01;62865.48638;0.837050289;8736668
Australia;AUS;Oceania;2016-01-01;55667.92415;0.808335831;24190907
Argentina;ARG;Americas;2016-01-01;28006.7737;0.556856161;43590368
Albania;ALB;Europe;2016-01-01;13694.73108;0.509006547;2876101
Zimbabwe;ZWE;Africa;2019-01-01;3412.966691;0.399296799;15354608
Zambia;ZMB;Africa;2019-01-01;3617.623261;0.466405239;18380477
Viet Nam;VNM;Asia;2019-01-01;11798.23626;0.488784647;95776716
Uzbekistan;UZB;Asia;2019-01-01;7747.040154;0.463741396;33580350
Uruguay;URY;Americas;2019-01-01;29834.03839;0.705307053;3428409
United States;USA;Americas;2019-01-01;69458.61018;0.719890189;328329953
United Kingdom;GBR;Europe;2019-01-01;54397.29052;0.802387147;66836327
United Arab Emirates;ARE;Asia;2019-01-01;70638.73273;0.641567907;9211657
Ukraine;UKR;Europe;2019-01-01;17839.21484;0.502245565;44474512
Uganda;UGA;Africa;2019-01-01;2692.575899;0.404574113;42949080
Turkiye;TUR;Asia;2019-01-01;28400.71204;0.427944768;82579440
Tunisia;TUN;Africa;2019-01-01;12941.78106;0.53293514;12049314
Thailand;THA;Asia;2019-01-01;21341.08823;0.502583228;71307763
Tanzania;TZA;Africa;2019-01-01;3444.026611;0.467550808;59872579
Sweden;SWE;Europe;2019-01-01;61842.40136;0.860096347;10278887
Sri Lanka;LKA;Asia;2019-01-01;14637.44438;0.519247218;21803000
Spain;ESP;Europe;2019-01-01;46424.28663;0.719314275;47134837
South Africa;ZAF;Africa;2019-01-01;14717.76227;0.578461144;58087055
Slovenia;SVN;Europe;2019-01-01;45292.58359;0.673823651;2088385
Singapore;SGP;Asia;2019-01-01;119572.2771;0.795969508;5703569
Sierra Leone;SLE;Africa;2019-01-01;1665.190393;0.454372087;8046828
Senegal;SEN;Africa;2019-01-01;4160.19724;0.551568243;16000781
Russian Federation;RUS;Europe;2019-01-01;37698.95313;0.472130895;145453291
Romania;ROU;Europe;2019-01-01;36809.48792;0.642163747;19371648
Portugal;PRT;Europe;2019-01-01;40292.54882;0.712092717;10286263
Poland;POL;Europe;2019-01-01;38396.60731;0.664471978;37965475
Philippines;PHL;Asia;2019-01-01;9488.592211;0.470879005;110380804
Peru;PER;Americas;2019-01-01;15289.34114;0.506753278;32824861
Panama;PAN;Americas;2019-01-01;33304.72098;0.519212407;4232532
Pakistan;PAK;Asia;2019-01-01;5474.014723;0.390918321;223293280
Norway;NOR;Europe;2019-01-01;87947.54748;0.893649546;5347896
North Macedonia;MKD;Europe;2019-01-01;21990.3156;0.537907828;1876262
Nigeria;NGA;Africa;2019-01-01;5799.293422;0.432198025;203304492
Nicaragua;NIC;Americas;2019-01-01;6519.91906;0.404206682;6663924
New Zealand;NZL;Oceania;2019-01-01;47523.23229;0.82229176;4979200
Netherlands;NLD;Europe;2019-01-01;67043.16997;0.841664998;17344874
Nepal;NPL;Asia;2019-01-01;4540.657783;0.529389255;28832496
Morocco;MAR;Africa;2019-01-01;8742.629883;0.502668114;36304408
Mongolia;MNG;Asia;2019-01-01;15962.86117;0.54523424;3232430
Moldova;MDA;Europe;2019-01-01;14621.24014;0.485037162;2664224
Mexico;MEX;Americas;2019-01-01;22154.46303;0.453727586;125085311
Malaysia;MYS;Asia;2019-01-01;31917.44283;0.554595257;32804020
Malawi;MWI;Africa;2019-01-01;1759.630145;0.514799418;18867337
Madagascar;MDG;Africa;2019-01-01;1756.52224;0.430043066;27533134
Liberia;LBR;Africa;2019-01-01;1594.236039;0.459092798;4985289
Lebanon;LBN;Asia;2019-01-01;15693.92724;0.470025821;5781907
Kyrgyz Republic;KGZ;Asia;2019-01-01;6213.961968;0.477766753;6456200
Kenya;KEN;Africa;2019-01-01;5197.228101;0.449345972;50951450
Kazakhstan;KAZ;Asia;2019-01-01;34549.8077;0.51854223;18513673
Jordan;JOR;Asia;2019-01-01;9265.266601;0.567844775;10698683
Japan;JPN;Asia;2019-01-01;44976.50808;0.779750401;126633000
Jamaica;JAM;Americas;2019-01-01;10250.55026;0.564543291;2813773
Italy;ITA;Europe;2019-01-01;50110.16894;0.654189912;59729081
Indonesia;IDN;Asia;2019-01-01;12895.33292;0.521394628;269582878
India;IND;Asia;2019-01-01;7964.023563;0.511477416;1383112050
Hungary;HUN;Europe;2019-01-01;37557.9267;0.533900837;9771141
Guatemala;GTM;Americas;2019-01-01;11761.56331;0.459144847;16604026
Greece;GRC;Europe;2019-01-01;33117.69782;0.615814296;10721582
Ghana;GHA;Africa;2019-01-01;6453.875023;0.577018614;31522290
Germany;DEU;Europe;2019-01-01;62506.58156;0.835255911;83092962
Georgia;GEO;Asia;2019-01-01;18186.88165;0.608718267;3720161
France;FRA;Europe;2019-01-01;55010.35588;0.736548334;67388001
Finland;FIN;Europe;2019-01-01;57751.59424;0.87491648;5521606
Ethiopia;ETH;Africa;2019-01-01;2472.50997;0.389449911;114120594
Estonia;EST;Europe;2019-01-01;42167.4907;0.806870579;1326898
El Salvador;SLV;Americas;2019-01-01;10446.73094;0.47811678;6280217
Ecuador;ECU;Americas;2019-01-01;13850.4502;0.475817458;17343740
Dominican Republic;DOM;Americas;2019-01-01;21387.73613;0.463431878;10881882
Denmark;DNK;Europe;2019-01-01;67515.29413;0.899190437;5814422
Czechia;CZE;Europe;2019-01-01;48709.58022;0.727096718;10671870
Croatia;HRV;Europe;2019-01-01;34355.22291;0.60734383;4065253
Cote d'Ivoire;CIV;Africa;2019-01-01;6356.020476;0.464315988;26147551
Colombia;COL;Americas;2019-01-01;17554.6131;0.496333018;50187406
China;CHN;Asia;2019-01-01;18465.29895;0.486189732;1407745000
Chile;CHL;Americas;2019-01-01;28463.14027;0.67545866;19039485
Canada;CAN;Americas;2019-01-01;56713.08888;0.808633971;37618495
Cameroon;CMR;Africa;2019-01-01;4828.067293;0.376045071;25782341
Cambodia;KHM;Asia;2019-01-01;4785.871154;0.323384593;16207746
Burkina Faso;BFA;Africa;2019-01-01;2386.186658;0.509046574;20951639
Bulgaria;BGR;Europe;2019-01-01;28040.72331;0.544221133;6975761
Brazil;BRA;Americas;2019-01-01;17650.44138;0.53056006;211782878
Botswana;BWA;Africa;2019-01-01;16891.90715;0.590561486;2499702
Bosnia and Herzegovina;BIH;Europe;2019-01-01;17191.28933;0.527841678;3360711
Bolivia;BOL;Americas;2019-01-01;9895.420075;0.38203141;11777315
Belgium;BEL;Europe;2019-01-01;61871.70261;0.791716345;11488980
Belarus;BLR;Europe;2019-01-01;26798.86309;0.516921172;9419758
Bangladesh;BGD;Asia;2019-01-01;6813.406186;0.414756495;165516222
Austria;AUT;Europe;2019-01-01;65721.99048;0.82230946;8879920
Australia;AUS;Oceania;2019-01-01;57188.29495;0.804954601;25334826
Argentina;ARG;Americas;2019-01-01;26656.79392;0.58234509;44938712
Albania;ALB;Europe;2019-01-01;15211.44331;0.506075767;2854191
Zimbabwe;ZWE;Africa;2020-01-01;3082.918998;0.393118742;15669666
Zambia;ZMB;Africa;2020-01-01;3415.190721;0.454068798;18927715
Viet Nam;VNM;Asia;2020-01-01;12026.81017;0.491657902;96648685
Uzbekistan;UZB;Asia;2020-01-01;7751.209784;0.471707323;34232050
Uruguay;URY;Americas;2020-01-01;27626.80147;0.709943115;3429086
United States;USA;Americas;2020-01-01;67266.18787;0.71577231;331526933
United Kingdom;GBR;Europe;2020-01-01;48583.76069;0.788792612;67081234
United Arab Emirates;ARE;Asia;2020-01-01;66590.39551;0.645584532;9287289
Ukraine;UKR;Europe;2020-01-01;17285.9043;0.50645822;44207754
Uganda;UGA;Africa;2020-01-01;2681.177781;0.397193369;44404611
Turkiye;TUR;Asia;2020-01-01;28649.5552;0.42925683;83384680
Tunisia;TUN;Africa;2020-01-01;11720.50422;0.536544365;12161723
Thailand;THA;Asia;2020-01-01;20002.84555;0.507199908;71475664
Tanzania;TZA;Africa;2020-01-01;3408.911865;0.470065652;61704518
Sweden;SWE;Europe;2020-01-01;60064.62763;0.861740494;10353442
Sri Lanka;LKA;Asia;2020-01-01;13886.65134;0.518327934;21919000
Spain;ESP;Europe;2020-01-01;41038.9815;0.728367349;47365655
South Africa;ZAF;Africa;2020-01-01;13671.83143;0.586271095;58801927
Slovenia;SVN;Europe;2020-01-01;43082.26388;0.685108704;2102419
Singapore;SGP;Asia;2020-01-01;115304.1495;0.788884327;5685807
Sierra Leone;SLE;Africa;2020-01-01;1595.309828;0.450253246;8233970
Senegal;SEN;Africa;2020-01-01;4104.361322;0.551190358;16436120
Russian Federation;RUS;Europe;2020-01-01;36746.375;0.465294703;145245148
Romania;ROU;Europe;2020-01-01;35651.63018;0.63256521;19265250
Portugal;PRT;Europe;2020-01-01;36909.24192;0.704353281;10297081
Poland;POL;Europe;2020-01-01;37686.8864;0.65692397;37899070
Philippines;PHL;Asia;2020-01-01;8446.916137;0.474664557;112190977
Peru;PER;Americas;2020-01-01;13421.49025;0.499051744;33304756
Panama;PAN;Americas;2020-01-01;27025.32158;0.521735148;4294396
Pakistan;PAK;Asia;2020-01-01;5311.420356;0.388254985;227196741
Norway;NOR;Europe;2020-01-01;86313.74931;0.894406827;5379475
North Macedonia;MKD;Europe;2020-01-01;21186.70849;0.532798832;1856124
Nigeria;NGA;Africa;2020-01-01;5557.923392;0.428362867;208327405
Nicaragua;NIC;Americas;2020-01-01;6318.269177;0.393635662;6755895
New Zealand;NZL;Oceania;2020-01-01;46289.38586;0.825033931;5090200
Netherlands;NLD;Europe;2020-01-01;64080.83029;0.837482715;17441500
Nepal;NPL;Asia;2020-01-01;4355.100688;0.525657452;29348627
Morocco;MAR;Africa;2020-01-01;8028.884277;0.500006444;36688772
Mongolia;MNG;Asia;2020-01-01;14949.02145;0.533482456;3294335
Moldova;MDA;Europe;2020-01-01;13559.26002;0.49584834;2635130
Mexico;MEX;Americas;2020-01-01;20097.05171;0.44113032;125998302
Malaysia;MYS;Asia;2020-01-01;29815.8537;0.582618193;33199993
Malawi;MWI;Africa;2020-01-01;1727.048837;0.518490202;19377061
Madagascar;MDG;Africa;2020-01-01;1591.153931;0.440174311;28225177
Liberia;LBR;Africa;2020-01-01;1515.589151;0.453128201;5087584
Lebanon;LBN;Asia;2020-01-01;12594.62325;0.454683407;5662923
Kyrgyz Republic;KGZ;Asia;2020-01-01;5661.258207;0.484224332;6579900
Kenya;KEN;Africa;2020-01-01;5079.927728;0.448352872;51985780
Kazakhstan;KAZ;Asia;2020-01-01;33251.43164;0.523084598;18755666
Jordan;JOR;Asia;2020-01-01;8970.220283;0.567432733;10928721
Japan;JPN;Asia;2020-01-01;43238.29662;0.779578378;126261000
Jamaica;JAM;Americas;2020-01-01;9211.849012;0.569040944;2820436
Italy;ITA;Europe;2020-01-01;45835.90769;0.657717469;59438851
Indonesia;IDN;Asia;2020-01-01;12523.29043;0.528119666;271857970
India;IND;Asia;2020-01-01;7432.546797;0.508779631;1396387127
Hungary;HUN;Europe;2020-01-01;35949.91887;0.527882495;9750149
Guatemala;GTM;Americas;2020-01-01;11376.56947;0.448797287;16858333
Greece;GRC;Europe;2020-01-01;30096.82493;0.61018512;10698599
Ghana;GHA;Africa;2020-01-01;6354.379729;0.565901825;32180401
Germany;DEU;Europe;2020-01-01;60065.50979;0.836310849;83160871
Georgia;GEO;Asia;2020-01-01;17031.14403;0.602151402;3722716
France;FRA;Europe;2020-01-01;50724.49437;0.727223012;67571107
Finland;FIN;Europe;2020-01-01;56310.62095;0.874277982;5529543
Ethiopia;ETH;Africa;2020-01-01;2553.629263;0.411285212;117190911
Estonia;EST;Europe;2020-01-01;41677.9812;0.807128257;1329522
El Salvador;SLV;Americas;2020-01-01;9603.024832;0.493592111;6292731
Ecuador;ECU;Americas;2020-01-01;12394.9733;0.485120859;17588595
Dominican Republic;DOM;Americas;2020-01-01;19736.80423;0.477992916;10999664
Denmark;DNK;Europe;2020-01-01;65686.52868;0.899466052;5831404
Czechia;CZE;Europe;2020-01-01;45917.29043;0.731343955;10697858
Croatia;HRV;Europe;2020-01-01;31564.45207;0.614288323;4047680
Cote d'Ivoire;CIV;Africa;2020-01-01;6241.92861;0.462670281;26811790
Colombia;COL;Americas;2020-01-01;16055.37973;0.500308066;50930662
China;CHN;Asia;2020-01-01;18833.7847;0.478726852;1411100000
Chile;CHL;Americas;2020-01-01;26353.4868;0.669635968;19300315
Canada;CAN;Americas;2020-01-01;53274.91093;0.807386505;38028638
Cameroon;CMR;Africa;2020-01-01;4711.110529;0.359382104;26491087
Cambodia;KHM;Asia;2020-01-01;4584.211114;0.325551713;16396860
Burkina Faso;BFA;Africa;2020-01-01;2369.589919;0.508553266;21522626
Bulgaria;BGR;Europe;2020-01-01;27090.70706;0.546990617;6934015
Brazil;BRA;Americas;2020-01-01;16958.89635;0.51509015;213196304
Botswana;BWA;Africa;2020-01-01;15134.7044;0.600428732;2546402
Bosnia and Herzegovina;BIH;Europe;2020-01-01;16885.5072;0.520230743;3318407
Bolivia;BOL;Americas;2020-01-01;8910.587808;0.383338809;11936162
Belgium;BEL;Europe;2020-01-01;58337.75813;0.787410616;11538604
Belarus;BLR;Europe;2020-01-01;26731.49435;0.514191423;9379952
Bangladesh;BGD;Asia;2020-01-01;6968.145542;0.408318445;167420951
Austria;AUT;Europe;2020-01-01;61108.42114;0.817179478;8916864
Australia;AUS;Oceania;2020-01-01;56298.19557;0.802856634;25649248
Argentina;ARG;Americas;2020-01-01;23785.78438;0.579584308;45376763
Albania;ALB;Europe;2020-01-01;14793.85289;0.500228768;2837849
Zimbabwe;ZWE;Africa;2021-01-01;3276.267753;0.393135412;15993524
Zambia;ZMB;Africa;2021-01-01;3526.507418;0.443416335;19473125
Viet Nam;VNM;Asia;2021-01-01;12230.25962;0.488842593;97468029
Uzbekistan;UZB;Asia;2021-01-01;8162.195817;0.490919411;34915100
Uruguay;URY;Americas;2021-01-01;29187.42868;0.713861864;3426260
United States;USA;Americas;2021-01-01;71055.87619;0.694981552;332048977
United Kingdom;GBR;Europe;2021-01-01;52841.63459;0.785399852;67026292
United Arab Emirates;ARE;Asia;2021-01-01;68912.54555;0.639548972;9365145
Ukraine;UKR;Europe;2021-01-01;18040.3457;0.509684102;43848986
Uganda;UGA;Africa;2021-01-01;2688.266835;0.393767681;45853778
Turkiye;TUR;Asia;2021-01-01;31637.53054;0.418522545;84147318
Tunisia;TUN;Africa;2021-01-01;12159.05453;0.528553193;12262946
Thailand;THA;Asia;2021-01-01;20280.93371;0.496064065;71601103
Tanzania;TZA;Africa;2021-01-01;3451.448242;0.465013295;63588334
Sweden;SWE;Europe;2021-01-01;63375.04465;0.861795187;10415811
Sri Lanka;LKA;Asia;2021-01-01;14316.13649;0.502530098;22156000
Spain;ESP;Europe;2021-01-01;43620.60406;0.728915391;47415794
South Africa;ZAF;Africa;2021-01-01;14172.54425;0.583911986;59392255
Slovenia;SVN;Europe;2021-01-01;46502.09789;0.682521959;2108079
Singapore;SGP;Asia;2021-01-01;131864.0923;0.78113025;5453566
Sierra Leone;SLE;Africa;2021-01-01;1623.975624;0.443402712;8420641
Senegal;SEN;Africa;2021-01-01;4258.786284;0.554159078;16876720
Russian Federation;RUS;Europe;2021-01-01;38938.49609;0.462215882;144746762
Romania;ROU;Europe;2021-01-01;37969.15389;0.627384215;19122059
Portugal;PRT;Europe;2021-01-01;38783.01156;0.699813124;10361831
Poland;POL;Europe;2021-01-01;40462.68871;0.641268351;37747124
Philippines;PHL;Asia;2021-01-01;8797.168712;0.460791626;113880328
Peru;PER;Americas;2021-01-01;15028.6277;0.48930748;33715471
Panama;PAN;Americas;2021-01-01;30895.83225;0.517973153;4351267
Pakistan;PAK;Asia;2021-01-01;5554.585701;0.386639038;231402117
Norway;NOR;Europe;2021-01-01;89209.13978;0.899306387;5408320
North Macedonia;MKD;Europe;2021-01-01;22371.49679;0.531126119;1837114
Nigeria;NGA;Africa;2021-01-01;5623.664078;0.412371575;213401323
Nicaragua;NIC;Americas;2021-01-01;6873.731177;0.379054134;6850540
New Zealand;NZL;Oceania;2021-01-01;48194.04106;0.831020999;5111300
Netherlands;NLD;Europe;2021-01-01;67693.32643;0.833313396;17533044
Nepal;NPL;Asia;2021-01-01;4461.468785;0.519754694;30034989
Morocco;MAR;Africa;2021-01-01;8581.330078;0.486912765;37076584
Mongolia;MNG;Asia;2021-01-01;14951.13657;0.544080318;3347782
Moldova;MDA;Europe;2021-01-01;15682.07033;0.511843787;2595809
Mexico;MEX;Americas;2021-01-01;21131.91576;0.428125333;126705138
Malaysia;MYS;Asia;2021-01-01;30456.0929;0.574733226;33573874
Malawi;MWI;Africa;2021-01-01;1728.825398;0.523562628;19889742
Madagascar;MDG;Africa;2021-01-01;1642.304162;0.437517171;28915653
Liberia;LBR;Africa;2021-01-01;1558.742249;0.44117534;5193416
Lebanon;LBN;Asia;2021-01-01;11860.05863;0.450377174;5592631
Kyrgyz Republic;KGZ;Asia;2021-01-01;5802.388972;0.466431341;6773400
Kenya;KEN;Africa;2021-01-01;5360.361903;0.444270725;53005614
Kazakhstan;KAZ;Asia;2021-01-01;33893.89546;0.524794444;19191356
Jordan;JOR;Asia;2021-01-01;9115.019511;0.550163588;11148278
Japan;JPN;Asia;2021-01-01;44549.33834;0.785937412;125681593
Jamaica;JAM;Americas;2021-01-01;9610.989337;0.571263557;2827695
Italy;ITA;Europe;2021-01-01;49901.61214;0.658969356;59133173
Indonesia;IDN;Asia;2021-01-01;12897.10314;0.522767545;273753191
India;IND;Asia;2021-01-01;8087.993803;0.499007688;1407563842
Hungary;HUN;Europe;2021-01-01;38647.99808;0.520362288;9709891
Guatemala;GTM;Americas;2021-01-01;12106.42254;0.443300503;17109746
Greece;GRC;Europe;2021-01-01;33018.25442;0.607319533;10569207
Ghana;GHA;Africa;2021-01-01;6544.2382;0.553434312;32833031
Germany;DEU;Europe;2021-01-01;61939.65159;0.83953402;83196078
Georgia;GEO;Asia;2021-01-01;18915.6534;0.605362212;3708610
France;FRA;Europe;2021-01-01;53834.7993;0.720766805;67764304
Finland;FIN;Europe;2021-01-01;57788.90346;0.877783445;5541017
Ethiopia;ETH;Africa;2021-01-01;2628.343464;0.407328561;120283026
Estonia;EST;Europe;2021-01-01;44651.99922;0.806700415;1330932
El Salvador;SLV;Americas;2021-01-01;10709.75958;0.477076012;6314167
Ecuador;ECU;Americas;2021-01-01;13452.00877;0.484789857;17797737
Dominican Republic;DOM;Americas;2021-01-01;21923.30194;0.477997752;11117873
Denmark;DNK;Europe;2021-01-01;69878.93481;0.899404502;5856733
Czechia;CZE;Europe;2021-01-01;48418.11579;0.728169329;10505772
Croatia;HRV;Europe;2021-01-01;37232.59577;0.608112787;3878981
Cote d'Ivoire;CIV;Africa;2021-01-01;6520.73116;0.447131055;27478249
Colombia;COL;Americas;2021-01-01;17587.23179;0.489432125;51516562
China;CHN;Asia;2021-01-01;20406.72966;0.469631704;1412360000
Chile;CHL;Americas;2021-01-01;29050.08079;0.664035962;19493184
Canada;CAN;Americas;2021-01-01;55781.69903;0.799558423;38239864
Cameroon;CMR;Africa;2021-01-01;4741.76177;0.351837201;27198628
Cambodia;KHM;Asia;2021-01-01;4668.23778;0.318149384;16589023
Burkina Faso;BFA;Africa;2021-01-01;2467.7406;0.50412998;22100683
Bulgaria;BGR;Europe;2021-01-01;29404.96051;0.541395468;6877743
Brazil;BRA;Americas;2021-01-01;17672.9168;0.500134737;214326223
Botswana;BWA;Africa;2021-01-01;16663.86854;0.591181637;2588423
Bosnia and Herzegovina;BIH;Europe;2021-01-01;18396.46909;0.51588526;3270943
Bolivia;BOL;Americas;2021-01-01;9342.971844;0.386722504;12079472
Belgium;BEL;Europe;2021-01-01;62123.16132;0.791766586;11586195
Belarus;BLR;Europe;2021-01-01;27611.18011;0.475806169;9302585
Bangladesh;BGD;Asia;2021-01-01;7366.489971;0.396803058;169356251
Austria;AUT;Europe;2021-01-01;63421.20359;0.812422226;8955797
Australia;AUS;Oceania;2021-01-01;57406.17876;0.79345546;25685412
Argentina;ARG;Americas;2021-01-01;26086.80236;0.558388397;45808747
Albania;ALB;Europe;2021-01-01;16261.80455;0.491573609;2811666
Zimbabwe;ZWE;Africa;2022-01-01;3420.030281;0.391414203;16320537
Zambia;ZMB;Africa;2022-01-01;3610.666408;0.449880867;20017675
Viet Nam;VNM;Asia;2022-01-01;13126.97505;0.489194975;98186856
Uzbekistan;UZB;Asia;2022-01-01;8447.549747;0.496015715;35648100
Uruguay;URY;Americas;2022-01-01;30592.30327;0.713883843;3422794
United States;USA;Americas;2022-01-01;72165.48347;0.707235208;333271411
United Kingdom;GBR;Europe;2022-01-01;54515.75024;0.787744034;67791000
United Arab Emirates;ARE;Asia;2022-01-01;73724.30716;0.633819721;9441129
Ukraine;UKR;Europe;2022-01-01;15022.49121;0.499652526;38000000
Uganda;UGA;Africa;2022-01-01;2728.547064;0.390533803;47249585
Turkiye;TUR;Asia;2022-01-01;33061.06115;0.416906528;84979913
Tunisia;TUN;Africa;2022-01-01;12381.59902;0.518380966;12356117
Thailand;THA;Asia;2022-01-01;20752.6032;0.495275408;71697030
Tanzania;TZA;Africa;2022-01-01;3504.419678;0.461344542;65497748
Sweden;SWE;Europe;2022-01-01;64621.54536;0.857421303;10486941
Sri Lanka;LKA;Asia;2022-01-01;13249.41353;0.500822664;22181000
Spain;ESP;Europe;2022-01-01;45787.69802;0.726748025;47778340
South Africa;ZAF;Africa;2022-01-01;14322.33028;0.576509;59893885
Slovenia;SVN;Europe;2022-01-01;47558.27182;0.677239684;2111986
Singapore;SGP;Asia;2022-01-01;132468.9303;0.776887451;5637022
Sierra Leone;SLE;Africa;2022-01-01;1643.991981;0.448745986;8605718
Senegal;SEN;Africa;2022-01-01;4309.271352;0.560840445;17316449
Russian Federation;RUS;Europe;2022-01-01;38263.61719;0.445822967;144236933
Romania;ROU;Europe;2022-01-01;39684.30982;0.633312825;19047009
Portugal;PRT;Europe;2022-01-01;41240.38996;0.689294299;10409704
Poland;POL;Europe;2022-01-01;43818.00309;0.642965222;36821749
Philippines;PHL;Asia;2022-01-01;9326.599465;0.467060735;115559009
Peru;PER;Americas;2022-01-01;15286.74286;0.485256639;34049588
Panama;PAN;Americas;2022-01-01;33790.39568;0.516747755;4408581
Pakistan;PAK;Asia;2022-01-01;5710.26358;0.385897093;235824862
Norway;NOR;Europe;2022-01-01;91068.59894;0.889431577;5457127
North Macedonia;MKD;Europe;2022-01-01;22935.96831;0.533452301;1831712
Nigeria;NGA;Africa;2022-01-01;5669.963508;0.407704262;218541212
Nicaragua;NIC;Americas;2022-01-01;7031.220336;0.361555806;6948392
New Zealand;NZL;Oceania;2022-01-01;49474.24149;0.827103302;5117200
Netherlands;NLD;Europe;2022-01-01;69953.67301;0.834922122;17700982
Nepal;NPL;Asia;2022-01-01;4633.628481;0.520791392;30547580
Morocco;MAR;Africa;2022-01-01;8599.820313;0.479415812;37457971
Mongolia;MNG;Asia;2022-01-01;15469.83915;0.536757188;3398366
Moldova;MDA;Europe;2022-01-01;15229.45576;0.521758177;2538894
Mexico;MEX;Americas;2022-01-01;21828.7656;0.422936612;127504125
Malaysia;MYS;Asia;2022-01-01;32735.40195;0.565178648;33938221
Malawi;MWI;Africa;2022-01-01;1700.705142;0.524513457;20405317
Madagascar;MDG;Africa;2022-01-01;1664.579348;0.435709938;29611714
Liberia;LBR;Africa;2022-01-01;1600.025066;0.433814012;5302681
Lebanon;LBN;Asia;2022-01-01;12007.23359;0.446847084;5489739
Kyrgyz Republic;KGZ;Asia;2022-01-01;6140.059574;0.460176189;6974900
Kenya;KEN;Africa;2022-01-01;5513.859683;0.448873272;54027487
Kazakhstan;KAZ;Asia;2022-01-01;34188.20622;0.52827254;19634983
Jordan;JOR;Asia;2022-01-01;9222.515447;0.540252096;11285869
Japan;JPN;Asia;2022-01-01;45174.73192;0.78572999;125124989
Jamaica;JAM;Americas;2022-01-01;10113.96646;0.580434486;2827377
Italy;ITA;Europe;2022-01-01;52060.33289;0.665569071;58940425
Indonesia;IDN;Asia;2022-01-01;13495.42666;0.531363313;275501339
India;IND;Asia;2022-01-01;8594.431581;0.497209865;1417173173
Hungary;HUN;Europe;2022-01-01;40699.56969;0.516065937;9643048
Guatemala;GTM;Americas;2022-01-01;12424.771;0.439068605;17357886
Greece;GRC;Europe;2022-01-01;35328.78757;0.613401221;10426919
Ghana;GHA;Africa;2022-01-01;6663.59799;0.551975971;33475870
Germany;DEU;Europe;2022-01-01;62605.47304;0.8342599;83797985
Georgia;GEO;Asia;2022-01-01;20966.52804;0.601986462;3712502
France;FRA;Europe;2022-01-01;54988.33458;0.73079554;67971311
Finland;FIN;Europe;2022-01-01;58401.61922;0.870796444;5556106
Ethiopia;ETH;Africa;2022-01-01;2698.718988;0.392856087;123379924
Estonia;EST;Europe;2022-01-01;43856.05883;0.816574826;1348840
El Salvador;SLV;Americas;2022-01-01;10970.96858;0.457522505;6336392
Ecuador;ECU;Americas;2022-01-01;14122.87532;0.481843141;18001000
Dominican Republic;DOM;Americas;2022-01-01;22761.26668;0.483348894;11228821
Denmark;DNK;Europe;2022-01-01;71224.34264;0.901821668;5903037
Czechia;CZE;Europe;2022-01-01;48783.99278;0.731704906;10672118
Croatia;HRV;Europe;2022-01-01;40090.23912;0.612041907;3855641
Cote d'Ivoire;CIV;Africa;2022-01-01;6758.368232;0.445605725;28160542
Colombia;COL;Americas;2022-01-01;18739.11811;0.483858252;51874024
China;CHN;Asia;2022-01-01;21019.45723;0.471805593;1412175000
Chile;CHL;Americas;2022-01-01;29480.95518;0.662654914;19603733
Canada;CAN;Americas;2022-01-01;56872.60535;0.799883964;38939056
Cameroon;CMR;Africa;2022-01-01;4785.683197;0.355446409;27914536
Cambodia;KHM;Asia;2022-01-01;4860.452036;0.311690079;16767842
Burkina Faso;BFA;Africa;2022-01-01;2448.133911;0.491646224;22673762
Bulgaria;BGR;Europe;2022-01-01;32510.04099;0.546905538;6465097
Brazil;BRA;Americas;2022-01-01;18122.57463;0.494265751;215313498
Botswana;BWA;Africa;2022-01-01;17298.21923;0.592735602;2630296
Bosnia and Herzegovina;BIH;Europe;2022-01-01;19395.92713;0.520373981;3233526
Bolivia;BOL;Americas;2022-01-01;9565.315726;0.375313304;12224110
Belgium;BEL;Europe;2022-01-01;63450.45004;0.791336903;11685814
Belarus;BLR;Europe;2022-01-01;26537.55034;0.460712907;9228071
Bangladesh;BGD;Asia;2022-01-01;7805.153019;0.390675269;171186372
Austria;AUT;Europe;2022-01-01;65836.88937;0.802697465;9041851
Australia;AUS;Oceania;2022-01-01;59099.84794;0.794076717;26014399
Argentina;ARG;Americas;2022-01-01;27127.4391;0.548633035;46234830
Albania;ALB;Europe;2022-01-01;17260.11947;0.487371486;2777689
Rep. Korea;KOR;Asia;2013-01-01;40610.16287;0.732313166;50428893
Islamic Rep. Iran;IRN;Asia;2013-01-01;14148.90549;0.475683642;78458928
China Hong Kong SAR;HKG;Asia;2013-01-01;60601.64926;0.78552136;7178900
Arab Rep. Egypt;EGY;Africa;2013-01-01;13331.55706;0.500407146;93377890
Rep. Korea;KOR;Asia;2014-01-01;41648.24778;0.76821164;50746659
Islamic Rep. Iran;IRN;Asia;2014-01-01;14575.03718;0.443405691;79961672
China Hong Kong SAR;HKG;Asia;2014-01-01;61839.8199;0.763537105;7229500
Arab Rep. Egypt;EGY;Africa;2014-01-01;13402.45749;0.454504267;95592324
Rep. Korea;KOR;Asia;2015-01-01;42593.00887;0.787713966;51014947
Islamic Rep. Iran;IRN;Asia;2015-01-01;14046.04828;0.438666052;81790841
China Hong Kong SAR;HKG;Asia;2015-01-01;62779.79408;0.767180697;7291300
Arab Rep. Egypt;EGY;Africa;2015-01-01;13683.31112;0.427411025;97723799
Rep. Korea;KOR;Asia;2016-01-01;43674.50701;0.732642242;51217803
Islamic Rep. Iran;IRN;Asia;2016-01-01;15006.19054;0.471471463;83306231
China Hong Kong SAR;HKG;Asia;2016-01-01;63749.44517;0.775779917;7336600
Arab Rep. Egypt;EGY;Africa;2016-01-01;13983.27784;0.36460588;99784030
Rep. Korea;KOR;Asia;2019-01-01;46903.83907;0.732610012;51764822
Islamic Rep. Iran;IRN;Asia;2019-01-01;14119.72812;0.445900054;86564202
China Hong Kong SAR;HKG;Asia;2019-01-01;65388.34488;0.766652448;7507900
Arab Rep. Egypt;EGY;Africa;2019-01-01;15301.79137;0.357645854;105618671
Rep. Korea;KOR;Asia;2020-01-01;46506.93304;0.732390286;51836239
Islamic Rep. Iran;IRN;Asia;2020-01-01;14468.61139;0.427048028;87290193
China Hong Kong SAR;HKG;Asia;2020-01-01;61328.55606;0.763444308;7481000
Arab Rep. Egypt;EGY;Africa;2020-01-01;15572.78131;0.358105253;107465134
Rep. Korea;KOR;Asia;2021-01-01;48571.43221;0.735442013;51769539
Islamic Rep. Iran;IRN;Asia;2021-01-01;15042.37411;0.417245398;87923432
China Hong Kong SAR;HKG;Asia;2021-01-01;65884.93763;0.747972113;7413100
Arab Rep. Egypt;EGY;Africa;2021-01-01;15820.67138;0.347951467;109262178
Rep. Korea;KOR;Asia;2022-01-01;49933.9763;0.732535629;51672569
Islamic Rep. Iran;IRN;Asia;2022-01-01;15499.91176;0.406276804;88550570
China Hong Kong SAR;HKG;Asia;2022-01-01;64038.66075;0.727392092;7346100
Arab Rep. Egypt;EGY;Africa;2022-01-01;16600.38624;0.352660306;110990103
Zimbabwe;ZWE;Africa;2017-01-01;3612;0.3744;14751101
Zambia;ZMB;Africa;2017-01-01;3642;0.4729;17298054
Viet Nam;VNM;Asia;2017-01-01;10416;0.5008;94033048
Uzbekistan;UZB;Asia;2017-01-01;7158;0.4611;32388600
Uruguay;URY;Americas;2017-01-01;29565;0.7118;3422200
United States;USA;Americas;2017-01-01;66483;0.7328;325122128
United Kingdom;GBR;Europe;2017-01-01;53399;0.8094;66058859
United Arab Emirates;ARE;Asia;2017-01-01;70049;0.6474;9068296
Ukraine;UKR;Europe;2017-01-01;16524;0.4985;44880758
Uganda;UGA;Africa;2017-01-01;2547;0.4031;40127085
Turkiye;TUR;Asia;2017-01-01;28118;0.4195;80312698
Tunisia;TUN;Africa;2017-01-01;12664;0.5345;11811443
Trinidad and Tobago;TTO;Americas;2017-01-01;31764;0.5576;1478607
Thailand;THA;Asia;2017-01-01;20168;0.5054;70898202
Tanzania;TZA;Africa;2017-01-01;3283;0.4699;56267032
Sweden;SWE;Europe;2017-01-01;60786;0.8636;10057698
Suriname;SUR;Americas;2017-01-01;22111;0.5098;587559
St. Vincent and the Grenadines;VCT;Americas;2017-01-01;15381;0.6112;105549
St. Lucia;LCA;Americas;2017-01-01;21839;0.6290;177163
St. Kitts and Nevis;KNA;Americas;2017-01-01;29504;0.6614;47785
Sri Lanka;LKA;Asia;2017-01-01;14536;0.5259;21506813
Spain;ESP;Europe;2017-01-01;45022;0.7045;46593236
South Africa;ZAF;Africa;2017-01-01;14824;0.5886;56641209
Slovenia;SVN;Europe;2017-01-01;42332;0.6726;2066388
Singapore;SGP;Asia;2017-01-01;115831;0.7965;5612253
Sierra Leone;SLE;Africa;2017-01-01;1603;0.4536;7677565
Senegal;SEN;Africa;2017-01-01;3952;0.5523;15157793
Russian Federation;RUS;Europe;2017-01-01;35932;0.4691;145293260
Romania;ROU;Europe;2017-01-01;33058;0.6573;19588715
Portugal;PRT;Europe;2017-01-01;38101;0.7207;10300300
Poland;POL;Europe;2017-01-01;34689;0.6750;37974826
Philippines;PHL;Asia;2017-01-01;8695;0.4697;106738501
Peru;PER;Americas;2017-01-01;14938;0.5236;31605486
Panama;PAN;Americas;2017-01-01;32136;0.5206;4096063
Pakistan;PAK;Asia;2017-01-01;5192;0.3938;216379655
Norway;NOR;Europe;2017-01-01;87415;0.8896;5276968
North Macedonia;MKD;Europe;2017-01-01;20328;0.5311;1898657
Nigeria;NGA;Africa;2017-01-01;5849;0.4385;193495907
Nicaragua;NIC;Americas;2017-01-01;7145;0.4364;6480532
New Zealand;NZL;Oceania;2017-01-01;46400;0.8286;4813600
Netherlands;NLD;Europe;2017-01-01;65041;0.8540;17131296
Nepal;NPL;Asia;2017-01-01;4047;0.5277;28183426
Myanmar;MMR;Asia;2017-01-01;5834;0.4212;52288341
Morocco;MAR;Africa;2017-01-01;8428;0.5090;35528115
Mongolia;MNG;Asia;2017-01-01;14648;0.5449;3096030
Moldova;MDA;Europe;2017-01-01;13119;0.4908;2755189
Mexico;MEX;Americas;2017-01-01;22179;0.4570;122839258
Malaysia;MYS;Asia;2017-01-01;29912;0.5370;31975806
Malawi;MWI;Africa;2017-01-01;1687;0.5111;17881167
Madagascar;MDG;Africa;2017-01-01;1715;0.4373;26169542
Liberia;LBR;Africa;2017-01-01;1679;0.4535;4796631
Lebanon;LBN;Asia;2017-01-01;16263;0.4706;6109252
Kyrgyz Republic;KGZ;Asia;2017-01-01;5964;0.4750;6198200
Kenya;KEN;Africa;2017-01-01;4872;0.4485;48948137
Kazakhstan;KAZ;Asia;2017-01-01;32598;0.5175;18037776
Jordan;JOR;Asia;2017-01-01;9357;0.5964;10215381
Japan;JPN;Asia;2017-01-01;44750;0.7873;126972000
Jamaica;JAM;Americas;2017-01-01;9991;0.5769;2808376
Italy;ITA;Europe;2017-01-01;48753;0.6522;60536709
Indonesia;IDN;Asia;2017-01-01;11899;0.5191;264498852
India;IND;Asia;2017-01-01;7356;0.5182;1354195680
Hungary;HUN;Europe;2017-01-01;33935;0.5479;9787966
Honduras;HND;Americas;2017-01-01;6075;0.4056;9626842
Guyana;GUY;Americas;2017-01-01;12895;0.5040;763252
Guatemala;GTM;Americas;2017-01-01;11286;0.4422;16087418
Grenada;GRD;Americas;2017-01-01;15562;0.6117;120921
Greece;GRC;Europe;2017-01-01;31875;0.6066;10754679
Ghana;GHA;Africa;2017-01-01;5951;0.5927;30222262
Germany;DEU;Europe;2017-01-01;61564;0.8359;82657002
Georgia;GEO;Asia;2017-01-01;16238;0.6108;3728004
France;FRA;Europe;2017-01-01;53398;0.7381;66918020
Finland;FIN;Europe;2017-01-01;56547;0.8721;5508214
Ethiopia;ETH;Africa;2017-01-01;2253;0.3800;108197950
Estonia;EST;Europe;2017-01-01;39337;0.7985;1317384
El Salvador;SLV;Americas;2017-01-01;9979;0.4814;6266654
Ecuador;ECU;Americas;2017-01-01;14215;0.4725;16696944
Dominican Republic;DOM;Americas;2017-01-01;19450;0.4672;10647244
Dominica;DMA;Americas;2017-01-01;15285;0.5991;70403
Denmark;DNK;Europe;2017-01-01;65784;0.8934;5764980
Czechia;CZE;Europe;2017-01-01;46137;0.7422;10594438
Croatia;HRV;Europe;2017-01-01;31786;0.6132;4124531
Cote d'Ivoire;CIV;Africa;2017-01-01;5978;0.4734;24848016
Costa Rica;CRI;Americas;2017-01-01;22525;0.6866;4993842
Colombia;COL;Americas;2017-01-01;17217;0.5055;48351671
China;CHN;Asia;2017-01-01;16461;0.5008;1396215000
Chile;CHL;Americas;2017-01-01;28192;0.6671;18368577
Canada;CAN;Americas;2017-01-01;55756;0.8127;36545075
Cameroon;CMR;Africa;2017-01-01;4744;0.3688;24393181
Cambodia;KHM;Asia;2017-01-01;4259;0.3226;15830689
Burkina Faso;BFA;Africa;2017-01-01;2233;0.5079;19835858
Bulgaria;BGR;Europe;2017-01-01;25874;0.5356;7075947
Brazil;BRA;Americas;2017-01-01;17401;0.5379;208504960
Botswana;BWA;Africa;2017-01-01;16377;0.5853;2401840
Bosnia and Herzegovina;BIH;Europe;2017-01-01;15722;0.5324;3440027
Bolivia;BOL;Americas;2017-01-01;9566;0.3846;11435533
Belize;BLZ;Americas;2017-01-01;11523;0.4758;374693
Belgium;BEL;Europe;2017-01-01;60045;0.7748;11375158
Belarus;BLR;Europe;2017-01-01;25504;0.5137;9458989
Barbados;BRB;Americas;2017-01-01;17256;0.6508;279187
Bangladesh;BGD;Asia;2017-01-01;6020;0.4102;161793964
Austria;AUT;Europe;2017-01-01;63840;0.8165;8797566
Australia;AUS;Oceania;2017-01-01;56028;0.8085;24592588
Argentina;ARG;Americas;2017-01-01;28499;0.5833;44044811
Antigua and Barbuda;ATG;Americas;2017-01-01;26949;0.6305;91119
Albania;ALB;Europe;2017-01-01;14229;0.5106;2873457
Afghanistan;AFG;Asia;2017-01-01;2957;0.3462;35643418
Rep. Korea;KOR;Asia;2017-01-01;44928;0.7223;51361911
Islamic Rep. Iran;IRN;Asia;2017-01-01;15201;0.4756;84505076
China Hong Kong SAR;HKG;Asia;2017-01-01;65663;0.7721;7393200
Arab Rep. Egypt;EGY;Africa;2017-01-01;14281;0.3643;101789386
The Bahamas;BHS;Americas;2017-01-01;31749;0.6020;399020
Zimbabwe;ZWE;Africa;2018-01-01;3717;0.3744;15052184
Zambia;ZMB;Africa;2018-01-01;3675;0.4729;17835893
Viet Nam;VNM;Asia;2018-01-01;11089;0.5008;94914330
Uzbekistan;UZB;Asia;2018-01-01;7448;0.4611;32956100
Uruguay;URY;Americas;2018-01-01;29571;0.7118;3427042
United States;USA;Americas;2018-01-01;68096;0.7328;326838199
United Kingdom;GBR;Europe;2018-01-01;53821;0.8094;66460344
United Arab Emirates;ARE;Asia;2018-01-01;70411;0.6474;9140169
Ukraine;UKR;Europe;2018-01-01;17187;0.4985;44690584
Uganda;UGA;Africa;2018-01-01;2617;0.4031;41515395
Turkiye;TUR;Asia;2018-01-01;28576;0.4195;81407204
Tunisia;TUN;Africa;2018-01-01;12864;0.5345;11933041
Trinidad and Tobago;TTO;Americas;2018-01-01;31025;0.5576;1504709
Thailand;THA;Asia;2018-01-01;20952;0.5054;71127802
Tanzania;TZA;Africa;2018-01-01;3355;0.4699;58090443
Sweden;SWE;Europe;2018-01-01;61256;0.8636;10175214
Suriname;SUR;Americas;2018-01-01;22965;0.5098;593715
St. Vincent and the Grenadines;VCT;Americas;2018-01-01;15910;0.6112;105281
St. Lucia;LCA;Americas;2018-01-01;22378;0.6290;177888
St. Kitts and Nevis;KNA;Americas;2018-01-01;30111;0.6614;47761
Sri Lanka;LKA;Asia;2018-01-01;14760;0.5259;21670000
Spain;ESP;Europe;2018-01-01;45849;0.7045;46797754
South Africa;ZAF;Africa;2018-01-01;14871;0.5886;57339635
Slovenia;SVN;Europe;2018-01-01;44057;0.6726;2073894
Singapore;SGP;Asia;2018-01-01;119343;0.7965;5638676
Sierra Leone;SLE;Africa;2018-01-01;1619;0.4536;7861281
Senegal;SEN;Africa;2018-01-01;4085;0.5523;15574909
Russian Federation;RUS;Europe;2018-01-01;36908;0.4691;145398106
Romania;ROU;Europe;2018-01-01;35258;0.6573;19473970
Portugal;PRT;Europe;2018-01-01;39249;0.7207;10283822
Poland;POL;Europe;2018-01-01;36752;0.6750;37974750
Philippines;PHL;Asia;2018-01-01;9091;0.4697;108568836
Peru;PER;Americas;2018-01-01;15243;0.5236;32203944
Panama;PAN;Americas;2018-01-01;32767;0.5206;4165255
Pakistan;PAK;Asia;2018-01-01;5427;0.3938;219731479
Norway;NOR;Europe;2018-01-01;87559;0.8896;5311916
North Macedonia;MKD;Europe;2018-01-01;21019;0.5311;1889051
Nigeria;NGA;Africa;2018-01-01;5815;0.4385;198387623
Nicaragua;NIC;Americas;2018-01-01;6808;0.4364;6572233
New Zealand;NZL;Oceania;2018-01-01;47171;0.8286;4900600
Netherlands;NLD;Europe;2018-01-01;66189;0.8540;17231624
Nepal;NPL;Asia;2018-01-01;4306;0.5277;28506712
Myanmar;MMR;Asia;2018-01-01;6155;0.4212;52666014
Morocco;MAR;Africa;2018-01-01;8588;0.5090;35927511
Mongolia;MNG;Asia;2018-01-01;15443;0.5449;3163991
Moldova;MDA;Europe;2018-01-01;13896;0.4908;2707203
Mexico;MEX;Americas;2018-01-01;22402;0.4570;124013861
Malaysia;MYS;Asia;2018-01-01;30950;0.5370;32399271
Malawi;MWI;Africa;2018-01-01;1714;0.5111;18367883
Madagascar;MDG;Africa;2018-01-01;1725;0.4373;26846541
Liberia;LBR;Africa;2018-01-01;1667;0.4535;4889391
Lebanon;LBN;Asia;2018-01-01;16381;0.4706;5950839
Kyrgyz Republic;KGZ;Asia;2018-01-01;6066;0.4750;6322800
Kenya;KEN;Africa;2018-01-01;5043;0.4485;49953304
Kazakhstan;KAZ;Asia;2018-01-01;33491;0.5175;18276452
Jordan;JOR;Asia;2018-01-01;9314;0.5964;10459865
Japan;JPN;Asia;2018-01-01;45095;0.7873;126811000
Jamaica;JAM;Americas;2018-01-01;10167;0.5769;2811835
Italy;ITA;Europe;2018-01-01;49297;0.6522;60421760
Indonesia;IDN;Asia;2018-01-01;12395;0.5191;267066843
India;IND;Asia;2018-01-01;7746;0.5182;1369003306
Hungary;HUN;Europe;2018-01-01;35800;0.5479;9775564
Honduras;HND;Americas;2018-01-01;6202;0.4056;9792850
Guyana;GUY;Americas;2018-01-01;13086;0.5040;785514
Guatemala;GTM;Americas;2018-01-01;11485;0.4422;16346950
Grenada;GRD;Americas;2018-01-01;16119;0.6117;121838
Greece;GRC;Europe;2018-01-01;32473;0.6066;10732882
Ghana;GHA;Africa;2018-01-01;6187;0.5927;30870641
Germany;DEU;Europe;2018-01-01;61981;0.8359;82905782
Georgia;GEO;Asia;2018-01-01;17229;0.6108;3726549
France;FRA;Europe;2018-01-01;54200;0.7381;67158348
Finland;FIN;Europe;2018-01-01;57116;0.8721;5515525
Ethiopia;ETH;Africa;2018-01-01;2343;0.3800;111129438
Estonia;EST;Europe;2018-01-01;40683;0.7985;1321977
El Salvador;SLV;Americas;2018-01-01;10204;0.4814;6276342
Ecuador;ECU;Americas;2018-01-01;14094;0.4725;17015672
Dominican Republic;DOM;Americas;2018-01-01;20579;0.4672;10765531
Dominica;DMA;Americas;2018-01-01;15734;0.5991;70823
Denmark;DNK;Europe;2018-01-01;66760;0.8934;5793636
Czechia;CZE;Europe;2018-01-01;47464;0.7422;10629928
Croatia;HRV;Europe;2018-01-01;33028;0.6132;4087843
Cote d'Ivoire;CIV;Africa;2018-01-01;6108;0.4734;25493988
Costa Rica;CRI;Americas;2018-01-01;22900;0.6866;5040734
Colombia;COL;Americas;2018-01-01;17327;0.5055;49276961
China;CHN;Asia;2018-01-01;17490;0.5008;1402760000
Chile;CHL;Americas;2018-01-01;28795;0.6671;18701450
Canada;CAN;Americas;2018-01-01;56470;0.8127;37072620
Cameroon;CMR;Africa;2018-01-01;4797;0.3688;25076747
Cambodia;KHM;Asia;2018-01-01;4521;0.3226;16025238
Burkina Faso;BFA;Africa;2018-01-01;2315;0.5079;20392723
Bulgaria;BGR;Europe;2018-01-01;26764;0.5356;7025037
Brazil;BRA;Americas;2018-01-01;17572;0.5379;210166592
Botswana;BWA;Africa;2018-01-01;16718;0.5853;2451409
Bosnia and Herzegovina;BIH;Europe;2018-01-01;16515;0.5324;3400129
Bolivia;BOL;Americas;2018-01-01;9823;0.3846;11606905
Belize;BLZ;Americas;2018-01-01;11420;0.4758;382066
Belgium;BEL;Europe;2018-01-01;60844;0.7748;11427054
Belarus;BLR;Europe;2018-01-01;26364;0.5137;9438785
Barbados;BRB;Americas;2018-01-01;17097;0.6508;279688
Bangladesh;BGD;Asia;2018-01-01;6386;0.4102;163683958
Austria;AUT;Europe;2018-01-01;65071;0.8165;8840521
Australia;AUS;Oceania;2018-01-01;56801;0.8085;24963258
Argentina;ARG;Americas;2018-01-01;27473;0.5833;44494502
Antigua and Barbuda;ATG;Americas;2018-01-01;28663;0.6305;91626
Albania;ALB;Europe;2018-01-01;14837;0.5106;2866376
Afghanistan;AFG;Asia;2018-01-01;2907;0.3462;36686784
Rep. Korea;KOR;Asia;2018-01-01;46034;0.7223;51585058
Islamic Rep. Iran;IRN;Asia;2018-01-01;14728;0.4756;85617562
China Hong Kong SAR;HKG;Asia;2018-01-01;66994;0.7721;7452600
Arab Rep. Egypt;EGY;Africa;2018-01-01;14759;0.3643;103740765
The Bahamas;BHS;Americas;2018-01-01;32350;0.6020;401906
